id,name,sku,category_reference,tax_group_reference,is_sold_by_weight,is_active,is_stock_product,product_cost,price,barcode,description,preparation_time,calories,walking_minutes_to_burn_calories,is_high_salt,image,name_localized,description_localized,ereceipt_item_type,ereceipt_item_code,ereceipt_unit_type
a0a9c820-d055-46cd-b0d0-55591b66448c,Early gray,sk-0779,tea,tx-1,No,Yes,No,1,50,,,,,,No,,,,null,null,null
a0a9c771-3d92-489a-a16a-38efe03ab7af,Apple cinammon,sk-0778,tea,tx-1,No,Yes,No,1,50,,,,,,No,,,,null,null,null
a0a55569-3259-4bee-9468-6e6d4b0732b8,Winter Glow Combo,sk-0777,bundles,tx-1,No,Yes,No,1,335,,"A creamy quinoa salad paired with a refreshing coconut matcha, perfect for a cozy, healthy winter vibe.",,,,No,https://foodics-console-production.s3.eu-west-1.amazonaws.com/images/560494_1766320839_a0a55c9e-e575-4900-8d5d-d4e44261b850.jpg,,,null,null,null
a0a5554a-7ba0-404b-a226-f94d556ed612,Spice & Chill Combo,sk-0776,bundles,tx-1,No,Yes,No,1,210,,"Tender tandoori chicken, your favorite soft drink, and crispy chips for the ultimate spicy comfort meal.",,,,No,https://foodics-console-production.s3.eu-west-1.amazonaws.com/images/560494_1766320852_a0a55cb2-1f3d-4f37-b929-a6917daa4dff.jpg,,,null,null,null
a0a55525-63c9-4022-8270-c4937e77fad3,Cozy Morning Combo,sk-0775,bundles,tx-1,No,Yes,No,1,410,,"A delicate salmon croissant and a rich Spanish latte, a comforting breakfast treat that warms the heart.",,,,No,https://foodics-console-production.s3.eu-west-1.amazonaws.com/images/560494_1766320861_a0a55cbf-c9a3-4613-8292-b3ecb8498732.jpg,,,null,null,null
a09f1ab3-6954-4cbf-968c-4c8f51622d2b,Christmas Turkey Cranberry Sandwich,sk-0772,sandwiches,tx-1,No,Yes,No,1,220,,,,,,No,https://foodics-console-production.s3.eu-west-1.amazonaws.com/images/560494_1766490608_a0a95085-9740-4aa3-a7ce-e9b924e169fc.png,,,null,null,null
a08f4c5c-f24a-4390-9bd1-ff341f698ce3,Coconut Clouds,sk-0768,iced-coffee,tx-1,No,Yes,No,1,150,,"Light and creamy coffee with coconut water, topped with a fluffy whipped cream cloud—smooth, refreshing, and dreamy.",,,,No,https://foodics-console-production.s3.eu-west-1.amazonaws.com/images/560494_1766321258_a0a55f1e-72fd-403f-9e55-2a3b8f2e9805.jpg,,,null,null,null
a08edca4-4bb8-42b1-96c8-ac5f9e66cae5,Toasted Marshmallow Coffee Mocktail,sk-0767,mocktails,tx-1,No,Yes,No,1,160,,"Rich Yunnan coffee with a hint of cinnamon, topped with toasted marshmallow candy.",,,,No,,,,null,null,null
a08ed979-07d3-43bc-aeec-117a7ea0d7ab,Christmas After Party,sk-0766,mocktails,tx-1,No,Yes,No,1,160,,"A festive mix of spiced syrups and citrus with cranberry and pomegranate—bright, bold, and holiday-ready.",,,,No,,,,null,null,null
a08ed0e7-59fc-462f-910d-74d16606d16e,Candy Cane Belgium Hot Chocolate,sk-0765,hot-chocolate,tx-1,No,Yes,No,1,175,,"Rich Belgian hot chocolate infused with candy cane, served with a spiced ginger cookie.",,,,No,https://foodics-console-production.s3.eu-west-1.amazonaws.com/images/560494_1765786125_a098e979-eb65-4ded-9e37-d32003c896f2.png,,,null,null,null
a084de4f-49ee-4d70-aa03-40dfa143a929,Smoked Salmon Croissant,sk-0764,sandwiches,tx-1,No,Yes,No,1,365,,"A flaky croissant filled with creamed cheese, smoked salmon, briny capers, fresh dill, and baby arugula for a perfectly balanced savory bite.",,,,No,https://foodics-console-production.s3.eu-west-1.amazonaws.com/images/560494_1766478712_a0a9099d-6ba1-40c8-96fb-a3e2983864a4.png,,,null,null,null
a084dc5a-71e3-4e35-8c05-a216879a133a,Honey Mustard Turkey Croissant,sk-0763,sandwiches,tx-1,No,Yes,No,1,230,,"A buttery croissant layered with honey mustard, tender turkey lobes, crisp pickles, juicy tomato, and melted Emmental cheese.",,,,No,https://foodics-console-production.s3.eu-west-1.amazonaws.com/images/560494_1766478724_a0a909b0-2aeb-4d0a-91bf-ff07d4362e47.png,,,null,null,null
a084db22-f1c9-46cc-8933-fbab954fc585,Roast Beef Croissant,sk-0762,sandwiches,tx-1,No,Yes,No,1,310,,"A flaky croissant filled with creamed cheese, savory roast beef, crisp Batavia lettuce, tangy pickles, and smooth Emmental cheese.",,,,No,https://foodics-console-production.s3.eu-west-1.amazonaws.com/images/560494_1766478734_a0a909bf-a178-4107-863f-9c515e1a22ca.png,,,null,null,null
a064a09e-3bb2-41f1-9756-3dc8fc5c290d,Banoffee Buzz,sk-0758,bundles,tx-1,No,Yes,No,1,235,,"A sweet Banoffee parfait paired with a smooth Caramel Macchiato, your perfect dessert and coffee duo.",,,,No,https://foodics-console-production.s3.eu-west-1.amazonaws.com/images/560494_1763540877_a064a2c1-5c78-4ed5-b973-7ef228da5099.png,,,null,null,null
a064a01c-d35a-449c-aa4e-423e8de24bf2,Spicy Wave Pack,sk-0757,bundles,tx-1,No,Yes,No,1,335,,"Zesty Sriracha tuna sandwich packed with heat, served with chips and Wednesday for a more zesty experience.",,,,No,https://foodics-console-production.s3.eu-west-1.amazonaws.com/images/560494_1763540842_a064a28b-6455-4f46-b558-1719fcc7095f.png,,,null,null,null
a0649fd4-b577-4162-b5dd-57c3924ce3fa,Pink Caesar Mood,sk-0756,bundles,tx-1,No,Yes,No,1,300,,"Fresh Chicken Caesar Salad with a creamy twist, matched with our signature Rose Cardamom Latte for a premium, feel-good meal.",,,,No,https://foodics-console-production.s3.eu-west-1.amazonaws.com/images/560494_1763540774_a064a223-7e34-4f70-8624-0678728ae8e3.png,,,null,null,null
a0649ce2-f964-4d90-a67d-e8f087cf148f,Med Vibez Box,sk-0748,bundles,tx-1,No,Yes,No,1,210,,"Juicy Mediterranean-style chicken with herbs and spices, served with chips and a chilled TEN for a light, flavorful combo.",,,,No,https://foodics-console-production.s3.eu-west-1.amazonaws.com/images/560494_1763540757_a064a20a-578b-4c7a-bf50-30ba4644b684.png,,,null,null,null
a062ad5a-ca4f-431d-a494-d830eb5d8962,Flaming Hot Chips,sk-0746,chips,tx-1,No,Yes,No,1,30,,Chips with spicy flavor,,,,No,https://foodics-console-production.s3.eu-west-1.amazonaws.com/images/560494_1763456847_a062ade5-85ec-4233-96f1-9e4b61482884.png,,,null,null,null
a062ad18-c925-462c-a127-199a6b15105e,Truffle Parmesan Chips,sk-0745,chips,tx-1,No,Yes,No,1,30,,Rich truffle flavor with a cheesy Parmesan crunch.,,,,No,https://foodics-console-production.s3.eu-west-1.amazonaws.com/images/560494_1763456836_a062add5-0061-44f0-8f1f-551796969aa2.png,,,null,null,null
a062acf1-d882-4fd2-a4db-02b4a7c06d7a,Red Rush Chips,sk-0744,chips,tx-1,No,Yes,No,1,30,,tangy tomato flavor with a crispy bite.,,,,No,https://foodics-console-production.s3.eu-west-1.amazonaws.com/images/560494_1763456821_a062adbe-2aab-44c4-9827-84df81fedfeb.png,,,null,null,null
a062aa0a-fc72-42ae-ba7d-6826b9a6e4f8,Beefed Up Boost,sk-0743,bundles,tx-1,No,Yes,No,1,280,,"Tender roasted beef stacked in a hearty sandwich, paired with crunchy chips and a refreshing Twist.",,,,No,https://foodics-console-production.s3.eu-west-1.amazonaws.com/images/560494_1763540739_a064a1ee-74b9-4baf-af0e-91ceae531724.png,,,null,null,null
a062a778-f986-4dcf-9686-7e3083875726,Royal Crunch Set,sk-0741,bundles,tx-1,No,Yes,No,1,210,,A crispy coronation chicken sandwich served with golden chips and an ice-cold Twist for the perfect royal treat.,,,,No,https://foodics-console-production.s3.eu-west-1.amazonaws.com/images/560494_1763540716_a064a1cb-e608-4a45-a606-fc769da7f2b9.png,,,null,null,null
a052d88b-0ceb-47b3-aef3-e75e921c1097,Cooler Than You,sk-0714,mocktails,tx-1,No,Yes,No,1,165,,"rosemary, cucumber, honey, lime — herbal, crisp, snow-inspired.",,,,No,https://foodics-console-production.s3.eu-west-1.amazonaws.com/images/560494_1762777455_a052dc68-5b11-4c9d-a5f5-960fc3d4820a.png,,,null,null,null
a052d86b-3741-49b8-bb9e-a3f9a68cfcfc,Pear Pressure,sk-0713,mocktails,tx-1,No,Yes,No,1,170,,"Maple,  lemon, soda — golden, smoky, sweet, comforting.",,,,No,https://foodics-console-production.s3.eu-west-1.amazonaws.com/images/560494_1762777445_a052dc59-0079-416c-91fb-feb4b6e801bf.png,,,null,null,null
a052d847-e019-41c0-99dd-7ab0a4c9df18,Hot Topic,sk-0712,mocktails,tx-1,No,No,No,1,175,,,,,,No,https://foodics-console-production.s3.eu-west-1.amazonaws.com/images/560494_1762777432_a052dc44-4621-4c74-b917-c8ee7365d1ad.png,,,null,null,null
a052d7f3-8a78-467f-8d55-aaccf152a096,Fallin' Hard,sk-0711,mocktails,tx-1,No,Yes,No,1,170,,"Cloudy apple, cinnamon syrup, ginger beer — cozy, smoky, light foam visual.",,,,No,https://foodics-console-production.s3.eu-west-1.amazonaws.com/images/560494_1762777414_a052dc28-bae6-4eac-a6cc-a84b55605b7a.png,,,null,null,null
a04c8500-7ca8-4815-8eb6-ce61cfce1461,Pistachio Croissant,sk-0710,bakery,tx-1,No,Yes,No,1,190,,Pistachio custard filled croissant with a layer of pistachio cream over the top over the top.,,,,No,https://foodics-console-production.s3.eu-west-1.amazonaws.com/images/560494_1762723959_a0519d8b-3e40-44c5-8e7d-58a727ff9713.png,,,null,null,null
a04c84df-c642-4304-a761-44c1d4e2c763,Almond Croissant,sk-0709,bakery,tx-1,No,Yes,No,1,180,,Almond custard filled croissant with a layer of almonds over the top.,,,,No,https://foodics-console-production.s3.eu-west-1.amazonaws.com/images/560494_1762723970_a0519d9c-bb65-4cae-8ee1-63decb10c061.png,,,null,null,null
a04c84b3-3f27-4bb7-82ed-2de7e30f5d41,Nutella Croissant,sk-0708,bakery,tx-1,No,No,No,1,160,,Chocolate custard filled croissant with a layer of chocolate over the top.,,,,No,https://foodics-console-production.s3.eu-west-1.amazonaws.com/images/560494_1762723982_a0519dad-f27e-4aaa-a1ae-e06a0982aebd.png,,,null,null,null
a04c848b-daee-4c89-9c23-06005525d2b8,Plain Croissant,sk-0707,bakery,tx-1,No,No,No,1,110,,"Buttery, flaky croissant baked fresh daily.",,,,No,https://foodics-console-production.s3.eu-west-1.amazonaws.com/images/560494_1762723995_a0519dc2-fba9-41da-86b5-827e1bf1681d.png,,,null,null,null
a04c82d4-4f12-4289-8e37-da8077e4a5cc,Sriracha Tuna Sandwich,sk-0705,sandwiches,tx-1,No,Yes,No,1,200,,Freshly baked ciabatta bread with a creamy tuna mix with batavia and pickled carrots.,,,,No,https://foodics-console-production.s3.eu-west-1.amazonaws.com/images/560494_1762723728_a0519c2a-8663-4b4d-a878-1f6206ab0b38.png,,,null,null,null
a04c829f-2628-4d90-bb36-88093b8f2f6f,Coronation Chicken Sandwich,sk-0704,sandwiches,tx-1,No,Yes,No,1,175,,"Fresh whole grain loaf with chicken, mayo, British mustard, crushed almonds, baby arugula and our amazing mango chutney, a true taste of England.",,,,No,https://foodics-console-production.s3.eu-west-1.amazonaws.com/images/560494_1762722862_a0519701-8d76-4faf-a1cc-1f7d81f18378.png,,,null,null,null
a04c8268-2c6e-46c7-86e3-ce5d0fa0e07b,Tandoori Chicken Sandwich,sk-0703,sandwiches,tx-1,No,Yes,No,1,200,,"Fresh ciabatta bread with tangy tandoori chicken thighs, roasted garlic mayo, mint chutney, roasted red capsicum and our signature apple slaw.",,,,No,https://foodics-console-production.s3.eu-west-1.amazonaws.com/images/560494_1762722623_a0519594-7487-4654-b12c-4a545bd531bd.png,,,null,null,null
a04c8219-fb39-4e66-95b6-9f007198af00,Mediterranean Chicken Sandwich,sk-0702,sandwiches,tx-1,No,Yes,No,1,200,,"Fresh Ciabatta with roast chicken, garlic mayo, red capsicum, feta cheese and infused olive tapenade.",,,,No,https://foodics-console-production.s3.eu-west-1.amazonaws.com/images/560494_1762722640_a05195af-0b08-43fe-a85e-2a8113d5fcc3.png,,,null,null,null
a04c81ca-3acf-4541-aa63-e3537773b6fc,Mushroom Truffle Grilled Sandwich,sk-0701,sandwiches,tx-1,No,Yes,No,1,270,,"Fresh Sourdough bread with a mix of imported cheeses, mushrooms, truffle paste and infused truffle oil. This is so good !!",,,,No,https://foodics-console-production.s3.eu-west-1.amazonaws.com/images/560494_1762722651_a05195c0-0378-4a33-9241-abb4167a7b01.png,,,null,null,null
a04c817f-ba31-4b21-95c5-aa3a9bac6ab4,Honey Mustard Turkey Sandwich,sk-0700,sandwiches,tx-1,No,No,No,1,220,,"Toasted sourdough layered with honey mustard, savory turkey, melted Emmental cheese, fresh tomato, and pickled cucumbers for a perfectly balanced bite.",,,,No,https://foodics-console-production.s3.eu-west-1.amazonaws.com/images/560494_1762722676_a05195e5-5352-4004-8fed-df8845e31777.png,,,null,null,null
a04c8135-2ec2-42be-9a9f-8b239bf9a8f2,Roast Beef Sandwich,sk-0699,sandwiches,tx-1,No,Yes,No,1,300,,"Fresh Sourdough loaf with home made roast beef, emmental cheese, caramelised onions and a touch of British horseradish sauce.",,,,No,https://foodics-console-production.s3.eu-west-1.amazonaws.com/images/560494_1762722686_a05195f5-7cb0-43d0-b417-6179b99043fe.png,,,null,null,null
a04c8107-a19d-4dbd-b3ed-f5e0c683e51e,Honey Truffle Chicken Sandwich,sk-0698,sandwiches,tx-1,No,No,No,1,260,,"Ciabatta filled with roasted chicken, truffle aioli, honey truffle glaze, melted Emmental, and fresh baby arugula for a rich, gourmet sandwich.",,,,No,https://foodics-console-production.s3.eu-west-1.amazonaws.com/images/560494_1762723748_a0519c48-c6bb-4d5a-a368-bdde54ff33c4.png,,,null,null,null
a04c80ae-5097-44e7-b8bb-227b37bca854,Spicy Jalapeño Chicken Sandwich,sk-0697,sandwiches,tx-1,No,No,No,1,220,,"Ciabatta Bread, Compound Butter, Roasted Chicken Breasts, Chipotle
Mayo, Pepper jack Cheese, Jalapeno, Tomato Slices",,,,No,https://foodics-console-production.s3.eu-west-1.amazonaws.com/images/560494_1762723908_a0519d3e-095f-40d0-a94b-1157e93ee298.png,,,null,null,null
a04c7d76-5766-4cba-9ebd-593f7f961240,Helsinki Sunrise Sandwich,sk-0696,sandwiches,tx-1,No,No,No,1,355,,"Freshly baked whole grain slices with Nordic smoked salmon, cream cheese, capers, dill and baby arugula.",,,,No,https://foodics-console-production.s3.eu-west-1.amazonaws.com/images/560494_1762722704_a051960f-d6f6-49b5-b081-656c950d6b30.png,,,null,null,null
a04c76dc-8b20-452a-a58f-0dc65959834f,Mozzarella Bresaola Sandwich,sk-0695,sandwiches,tx-1,No,No,No,1,385,,"Focaccia Bread, Compound Butter, Basil Pesto ,Bresaola,Buffalo Mozzarella",,,,No,https://foodics-console-production.s3.eu-west-1.amazonaws.com/images/560494_1762722720_a0519628-ebff-4f23-97ab-733d7140b9d4.png,,,null,null,null
a04c7576-dd38-4627-b046-e5bedbef8449,Berry Acai Bowl,sk-0694,cups-bowls,tx-1,No,No,No,1,170,,"A smooth blend of açaí pulp, seasonal fruits, and mixed berries, finished with almond milk and a touch of honey, topped with crunchy granola.",,,,No,,,,null,null,null
a04c7045-accf-493c-a7c0-5e6ddcb28d5e,Crunchy Bowl,sk-0693,cups-bowls,tx-1,No,No,No,1,150,,"Açaí pulp blended with creamy Greek yogurt and seasonal fruits, lightly sweetened with honey, finished with fresh mint and crunchy granola.",,,,No,,,,null,null,null
a04c6f84-6945-4fdf-9188-5f7f781ac126,Glow Up Bowl,sk-0692,cups-bowls,tx-1,No,No,No,1,190,,"acai pulp, fresh spinach, banana, almond milk, coconut cream, mixed berries, chia seeds, granola, honey,almond butter vegan protein powder",,,,No,,,,null,null,null
a04c6dd6-ba55-4127-9d59-b8b12002b1b5,Overnight Oats Cup,sk-0691,cups-bowls,tx-1,No,Yes,No,1,130,,"Soaked overnight to be moist and yummy these oats are mixed with greek yogurt, seasonal fruit and granola, super healthy.",,,,No,https://foodics-console-production.s3.eu-west-1.amazonaws.com/images/560494_1762724436_a051a062-fca5-4058-998a-eae8886f0b59.png,,,null,null,null
a04c6c37-2fbf-4920-91ab-c0dfdf457017,Chia Pudding Cup,sk-0690,cups-bowls,tx-1,No,Yes,No,1,150,,"Healthy chia seeds with greek yogurt seasonal fruit, honey and granola.",,,,No,https://foodics-console-production.s3.eu-west-1.amazonaws.com/images/560494_1762724307_a0519f9e-8ee9-424c-a781-b0a8385eadb4.png,,,null,null,null
a04c6c09-d109-4271-87c0-1150d2bd1933,Coffee Lover Cup,sk-0689,cups-bowls,tx-1,No,Yes,No,1,180,,All you coffee lovers will love this mix of mocha cream and chocolate hazelnut crumble.,,,,No,https://foodics-console-production.s3.eu-west-1.amazonaws.com/images/560494_1762724280_a0519f75-6bd6-46f8-a5c2-53edfe45963f.png,,,null,null,null
a04c6bdf-5fb8-4ee2-a016-651762fda679,Mango Passion Fruit Cup,sk-0688,cups-bowls,tx-1,No,No,No,1,130,,"Creamy vanilla mango layers with fresh mango, crunchy biscuit and honeycomb, finished with a hint of passion fruit.",,,,No,https://foodics-console-production.s3.eu-west-1.amazonaws.com/images/560494_1762724294_a0519f8a-e9ab-4906-9aa7-9d5261cd7e51.png,,,null,null,null
a04c6bbb-1879-408a-867a-0afc459daf6b,Banoffee Parfait Cup,sk-0687,cups-bowls,tx-1,No,Yes,No,1,130,,"Low calorie heaven, vanilla cream, caramelized banana with caramel sauce and crumble, yummy !!",,,,No,https://foodics-console-production.s3.eu-west-1.amazonaws.com/images/560494_1762724449_a051a076-7f6c-4eda-9d49-f9ece3ac941a.png,,,null,null,null
a04c6b6b-3ee6-42a6-bf57-f3976d9ef708,Sriracha Tuna Salad,sk-0686,salads,tx-1,No,Yes,No,1,250,,"Mix of greens with tuna mix, carrots,, radish and roasted sesame.",,,,No,https://foodics-console-production.s3.eu-west-1.amazonaws.com/images/560494_1762724484_a051a0ac-0519-4abc-a2a9-09feb9148eae.png,,,null,null,null
a04c6b46-de34-4c6e-8450-b9afe22179e5,Spicy Italian Pasta Salad,sk-0685,salads,tx-1,No,Yes,No,1,190,,"Fusilli pasta mixed with red pepper pesto, olives, cherry tomato, baby arugula, a little iceberg, basil, carrots and herby bread crumbs.",,,,No,https://foodics-console-production.s3.eu-west-1.amazonaws.com/images/560494_1762724709_a051a203-d225-4fc3-9d5e-610eb6346d3d.png,,,null,null,null
a04c6aed-9172-408a-88a7-92125689c6e5,Creamy Quinoa Salad,sk-0684,salads,tx-1,No,Yes,No,1,225,,"Health boost with mixed greens, quinoa, hummus, batavia, olives, mint, batavia, sweet corn and a garlic creamy yogurt dressing.",,,,No,https://foodics-console-production.s3.eu-west-1.amazonaws.com/images/560494_1762724771_a051a262-ea13-4138-aac0-ee72624a82f3.png,,,null,null,null
a04c6a9b-aa16-46ab-81c7-ddf0aa1f877b,Chicken Caesar Salad,sk-0683,salads,tx-1,No,Yes,No,1,250,,"Classic iceberg lettuce with grilled chicken, parmesan, croutons and Kippis caesar dressing.",,,,No,https://foodics-console-production.s3.eu-west-1.amazonaws.com/images/560494_1762724621_a051a17c-dfae-4a6a-b664-05114d2ea4f6.png,,,null,null,null
a04c6a3e-1690-4d77-ac8a-1f55b907a04b,Asian Salad,sk-0682,salads,tx-1,No,Yes,No,1,200,,"Thai inspired mix with cabbage, carrots, grilled chicken, toasted sesame, mint and our signature peanut sauce.",,,,No,https://foodics-console-production.s3.eu-west-1.amazonaws.com/images/560494_1762724634_a051a192-12cf-41aa-a5ea-f224a67005b6.png,,,null,null,null
a01d0605-bf23-4f22-a46f-ca33ac13d5ba,Ten Peach Cola,sk-0363,soft-drinks,tx-1,No,Yes,No,1,30,,soft drink with peach,,,,No,https://foodics-console-production.s3.eu-west-1.amazonaws.com/images/560494_1760465469_a01d07e5-2351-4082-9d46-da11e9c5a21b.jpg,,,null,null,null
a01d0596-523a-4471-9254-b4b22511bc22,Ten Vanilla Cherry Cola,sk-0362,soft-drinks,tx-1,No,Yes,No,1,30,,soft drink with vanilla chery,,,,No,https://foodics-console-production.s3.eu-west-1.amazonaws.com/images/560494_1760465457_a01d07d2-d829-4225-9061-7a8422fec895.jpg,,,null,null,null
a01d0486-306a-40c5-be4f-fe77327c4068,Ten Cola,sk-0361,soft-drinks,tx-1,No,Yes,No,1,30,,soft drink,,,,No,https://foodics-console-production.s3.eu-west-1.amazonaws.com/images/560494_1760465444_a01d07be-8a51-43af-a826-b9ff49ef99cf.jpg,,,null,null,null
a01a25d7-3bc9-4584-8783-3e8889c7827a,Extra Skimmed Lactose Free Milk,sk-0360,extras,tx-1,No,No,No,1,50,,Lactose Free Milk,,,,No,,,,null,null,null
a00e4718-19b8-4bfe-89b5-9cc5d5114b45,Extra Chewing Bobba,sk-0354,extras,tx-1,No,Yes,No,1,80,,bobba,,,,No,,,,null,null,null
a00e11c2-2cfa-48fa-a51a-089a03cc9d14,Orange Cardamom Cappuccino,sk-0353,autumn-coffee-menu,tx-1,No,Yes,No,1,150,,"A warm, aromatic cappuccino infused with cardamom and fresh orange, topped with cinnamon for a cozy autumn twist.",,,,No,https://foodics-console-production.s3.eu-west-1.amazonaws.com/images/560494_1762721520_a0518f01-eabe-4921-b1b9-45330e308de9.png,,,null,null,null
a00e0295-b2d5-4ea3-95b5-269faf0dd78b,Pistachio Latte,sk-0352,autumn-coffee-menu,tx-1,No,Yes,No,1,190,,"A smooth rose-infused latte blended with creamy pistachio and finished with crushed pistachios for a rich, floral flavor.",,,,No,https://foodics-console-production.s3.eu-west-1.amazonaws.com/images/560494_1762721542_a0518f23-86ad-42e2-b324-8e9e5f6292c0.png,,,null,null,null
a00e0138-5293-423d-8f40-562e13246e9e,Rose Cardamom Latte,sk-0351,autumn-coffee-menu,tx-1,No,Yes,No,1,150,,"A warm, aromatic latte mixing cardamom with delicate rose notes for a floral, cozy autumn cup.",,,,No,https://foodics-console-production.s3.eu-west-1.amazonaws.com/images/560494_1762721559_a0518f3d-4617-428a-8cf7-92f8f27187c5.png,,,null,null,null
a00dff46-4332-435d-9e82-ceea38ea2232,Iced Cardamom Cold Foam Latte,sk-0350,autumn-coffee-menu,tx-1,No,No,No,1,150,,"Smooth iced coffee sweetened with cardamom syrup, topped with fluffy cold foam and a hint of hibiscus.",,,,No,https://foodics-console-production.s3.eu-west-1.amazonaws.com/images/560494_1762721572_a0518f51-0969-4377-be83-1094a455de26.png,,,null,null,null
a00df81d-3c8c-41ca-ba57-5d2a432697fa,Egyptian Sunset Tonic,sk-0349,autumn-coffee-menu,tx-1,No,No,No,1,170,,"A bright, refreshing layered drink with cardamom, pomegranate, lemon, and cold brew; crisp, citrusy, and sparkling.",,,,No,https://foodics-console-production.s3.eu-west-1.amazonaws.com/images/560494_1762721584_a0518f63-0eb5-45e8-b54b-931b4b25271b.png,,,null,null,null
9f861d2d-2ae4-4d36-a017-9aa71d6ff96c,Ice Cup,sk-0348,extras,,No,Yes,No,1,25,,ice cup,,,,No,,,,null,null,null
9f12d22d-0622-4b1f-989e-d97aa1595a3b,Sour Behavior,sk-0347,mocktails,tx-1,No,Yes,No,1,150,,"Lemonade, Rose Water",,,,No,https://foodics-console-production.s3.eu-west-1.amazonaws.com/images/560494_1749737351_9f233f54-d2ef-4dff-a917-8034081ea688.jpg,,,null,null,null
9f12d0dc-9f5e-4afe-8b81-fc9961bf6e2b,Spicy Mango,sk-0346,mocktails,tx-1,No,Yes,No,1,170,,"Mango Juice, Lemon Juice, Honey, Chili Flakes",,,,No,https://foodics-console-production.s3.eu-west-1.amazonaws.com/images/560494_1749737339_9f233f41-3d09-40e4-97e5-d4559928bc70.jpg,,,null,null,null
9f12cfa6-0171-4b95-a03a-eae329888ed0,Ginger Iced Tea,sk-0345,mocktails,tx-1,No,Yes,No,1,165,,"Cold Black Tea, Ginger Syrup, Lemon Juice",,,,No,https://foodics-console-production.s3.eu-west-1.amazonaws.com/images/560494_1749737328_9f233f31-3c7e-45cc-9119-e1485bb95946.jpg,,,null,null,null
9f12cdd3-06c1-4966-8ac9-12649e06e3ca,Hibiscus Iced Tea,sk-0344,mocktails,tx-1,No,Yes,No,1,165,,"Hibiscus Tea, Raspberry Puree, Strawberry Juice, Sugar",,,,No,https://foodics-console-production.s3.eu-west-1.amazonaws.com/images/560494_1749737297_9f233f02-7adf-4542-81a8-81f52e1994c8.jpg,,,null,null,null
9f12cc84-fed1-4e09-8d2c-9231610ad99d,Peach Iced Tea,sk-0343,mocktails,tx-1,No,Yes,No,1,165,,"Cold Black Tea, Peach Puree, Lemon Juice, Sugar",,,,No,https://foodics-console-production.s3.eu-west-1.amazonaws.com/images/560494_1749737272_9f233edb-c896-4e3f-a9bf-31ef0e0e4e21.jpg,,,null,null,null
9f12cb59-05b1-49a1-b439-778e1c7b15e5,Pretty in Pink,sk-0342,mocktails,tx-1,No,Yes,No,1,170,,"Strawberry Puree, Lemon Juice, Sugar",,,,No,https://foodics-console-production.s3.eu-west-1.amazonaws.com/images/560494_1749737249_9f233eb8-8704-4159-b1a2-e1bc20975e50.jpg,,,null,null,null
9f12ca53-f5b4-4c11-b507-03873595eac6,Blueberry Lemonade,sk-0341,mocktails,tx-1,No,No,No,1,165,,"blueberry, lemon,soda,mint",,,,No,,,,null,null,null
9f12c9c5-ed4d-4221-b2fa-44e756116d6f,Basil Babe,sk-0340,mocktails,tx-1,No,Yes,No,1,165,,"Lemon Juice, Basil Leaves, Sugar",,,,No,https://foodics-console-production.s3.eu-west-1.amazonaws.com/images/560494_1749737231_9f233e9d-5063-4c64-b139-8d2b915ba869.jpg,,,null,null,null
9f12c882-7530-4cc0-b3c5-64d3de84d708,Watch that Man-go,sk-0339,mocktails,tx-1,No,Yes,No,1,200,,"Mango Puree, Raspberry Puree, Lemon Juice",,,,No,https://foodics-console-production.s3.eu-west-1.amazonaws.com/images/560494_1749737207_9f233e78-bafa-45c0-8caf-49c587b40a21.jpg,,,null,null,null
9f12c76a-9458-4559-96e3-12086d085d0e,Coconuts About You,sk-0338,mocktails,tx-1,No,Yes,No,1,180,,"Mango Puree, Coconut Milk, Vanilla",,,,No,https://foodics-console-production.s3.eu-west-1.amazonaws.com/images/560494_1749737189_9f233e5c-e23b-4e46-b6e4-f540242f2362.jpg,,,null,null,null
9f12c620-f812-4076-b6b3-22c20878abb6,Mango Mojito Slush,sk-0337,mocktails,tx-1,No,No,No,1,170,,,,,,No,,,,null,null,null
9f12c4c0-aa84-4603-97a7-b9e9ad26faae,Raspberry Smash,sk-0336,mocktails,tx-1,No,No,No,1,165,,,,,,No,,,,null,null,null
9f12c26a-ccef-4fbf-8fb5-9c434e616f1c,Passion Project,sk-0335,mocktails,tx-1,No,Yes,No,1,165,,"Passion fruit, Orange, Vanilla, Lemon Juice",,,,No,https://foodics-console-production.s3.eu-west-1.amazonaws.com/images/560494_1749737116_9f233ded-c121-436c-8bbb-682c35d59a70.jpg,,,null,null,null
9f12c1d7-8904-4d94-8ef2-2a7bb73a2a32,Feeling Lychee,sk-0334,mocktails,tx-1,No,Yes,No,1,210,,"Lychee, Rose Water, Lemon Juice, Soda",,,,No,https://foodics-console-production.s3.eu-west-1.amazonaws.com/images/560494_1749737102_9f233dd8-6185-4623-8604-7dc5e91645ea.jpg,,,null,null,null
9f12c121-dc72-4419-b522-11cb5e1da8cc,No Seeds Attached,sk-0333,mocktails,tx-1,No,Yes,No,1,165,,"Watermelon, Lemon Juice, Mint Leaves",,,,No,https://foodics-console-production.s3.eu-west-1.amazonaws.com/images/560494_1749737069_9f233da5-aeed-403a-a11e-178b606c2113.jpg,,,null,null,null
9e5c8119-3f96-407e-a8d2-22b9d7faf495,Hibis-kiss,sk-0326,mocktails,tx-1,No,No,No,1,165,,,,,,No,,,,null,null,null
9e47b36e-6220-4a18-a645-b86441ad6ec9,Extra Skimmed Milk,sk-0313,extras,tx-1,No,No,No,1,20,,Extra Skimmed Milk,,,,No,https://foodics-console-production.s3.eu-west-1.amazonaws.com/images/560494_1746952597_9ee268e6-bae2-420e-bcb3-d7b71f6276d4.jpg,,,null,null,null
9e0385e9-83ba-4fab-85b9-37a425a55803,Extra Green Apple Boba,sk-0306,extras,tx-1,No,Yes,No,1,50,,Extra Green Apple Boba,,,,No,https://foodics-console-production.s3.eu-west-1.amazonaws.com/images/560494_1740307195_9e47af38-8b78-4e7d-8a63-c6cddf467d59.jpg,,,null,null,null
9e038539-c4c4-4047-94c3-4f7884f2a4f0,Extra Strawberry Boba,sk-0305,extras,tx-1,No,Yes,No,1,50,,Extra Strawberry Boba,,,,No,https://foodics-console-production.s3.eu-west-1.amazonaws.com/images/560494_1740307181_9e47af22-c18a-4559-a495-1080699cb776.jpg,,,null,null,null
9e03834a-7818-405c-84f8-dad18a507849,Extra Passion Fruit Boba,sk-0304,extras,tx-1,No,Yes,No,1,50,,Extra Mango Boba,,,,No,https://foodics-console-production.s3.eu-west-1.amazonaws.com/images/560494_1740307171_9e47af13-2bf5-4f1e-acec-217929a9fcfa.jpg,,,null,null,null
9e0382ab-330d-4e17-af67-7485047e4ee2,Extra Strawberry Puree,sk-0303,extras,tx-1,No,Yes,No,1,25,,Extra Strawberry Puree,,,,No,https://foodics-console-production.s3.eu-west-1.amazonaws.com/images/560494_1740307160_9e47af02-2fc5-4655-b290-475c22d6a47f.jpg,,,null,null,null
9df94934-c537-4aec-946b-eba2f6060675,Iced Matcha Strawberry Large,sk-0295,matcha,tx-1,No,Yes,No,1,170,,Iced matcha latte with strawberry flavor.,,,,No,https://foodics-console-production.s3.eu-west-1.amazonaws.com/images/560494_1754809081_9f995531-ba00-4c25-8e5e-1d9ecc067d98.jpg,,,null,null,null
9df937ba-a62d-42fa-a7b6-af8595a8e370,Pink Matcha Large,sk-0294,matcha,tx-1,No,No,No,1,140,,Matcha blended with pink pitaya flavor and milk,,,,No,https://foodics-console-production.s3.eu-west-1.amazonaws.com/images/560494_1740136971_9e43b89b-4ab2-4fe5-b654-191b03d405f6.jpg,,,null,null,null
9df83a15-3463-43d6-a1a5-1f04222524f3,Pink latte Large,sk-0281,hot-coffee,tx-1,No,No,No,1,140,,Latte with pink pitaya flavor.,,,,No,https://foodics-console-production.s3.eu-west-1.amazonaws.com/images/560494_1746950851_9ee25e7e-6095-4c85-bdf2-821459ee738f.jpg,,,null,null,null
9df7a1b9-add9-4031-87fc-b6e63a7e235c,Caramel Macchiato M,sk-0280,hot-coffee,tx-1,No,No,No,1,110,,Espresso with milk and caramel drizzle.,,,,No,https://foodics-console-production.s3.eu-west-1.amazonaws.com/images/560494_1746950457_9ee25c25-b486-4f86-a9c5-5817b59db03c.jpg,,,null,null,null
9df792a8-9c82-471d-85d3-b6b578b37a16,Blue Latte Large,sk-0271,hot-coffee,tx-1,No,No,No,1,130,,Latte with blue spirulina flavor,,,,No,https://foodics-console-production.s3.eu-west-1.amazonaws.com/images/560494_1746950881_9ee25eac-5e7d-4e31-8aac-16d78a4950de.jpg,,,null,null,null
9dd9521f-0b25-4a3f-9605-53f191a14b14,Chips Pesto,sk-0268,chips,tx-1,No,No,No,1,30,,Chips With Pesto Flavor,,,,No,https://foodics-console-production.s3.eu-west-1.amazonaws.com/images/560494_1740303894_9e479b8a-53cb-4da7-8e61-36ac2143b620.jpg,,,null,null,null
9dd951d8-0094-4e96-9816-7f6e91356126,Chips Stir-Fry Beef,sk-0267,chips,tx-1,No,Yes,No,1,30,,Chips With Stir-Fry Beef Flavor,,,,No,https://foodics-console-production.s3.eu-west-1.amazonaws.com/images/560494_1763022696_a0589227-899a-404b-80c3-9afad7879340.png,,,null,null,null
9dd951a8-507b-4401-a902-50e81b25dcf5,Chips Sea salt,sk-0266,chips,tx-1,No,Yes,No,1,30,,Chips Sea salt,,,,No,https://foodics-console-production.s3.eu-west-1.amazonaws.com/images/560494_1763022706_a0589236-8c03-4659-9db8-21131b10f838.png,,,null,null,null
9dd95177-64fd-41b7-8fac-1d1603149078,Chips  Japanese Curry,sk-0265,chips,tx-1,No,Yes,No,1,30,,Chips  Japanese Curry,,,,No,https://foodics-console-production.s3.eu-west-1.amazonaws.com/images/560494_1763022714_a0589243-436a-43ec-b43c-2297d3e186d1.png,,,null,null,null
9dd160fd-61f4-4d42-b9a4-6044e90f3096,LMN8 Mint,sk-0264,soft-drinks,,No,No,Yes,1,30,,Sparkling lemonade infused with fresh mint flavor,,,,No,https://foodics-console-production.s3.eu-west-1.amazonaws.com/images/560494_1740302986_9e479621-296c-4408-881f-c89efd650c79.jpg,,,null,null,null
9dd160d1-6395-47b1-808d-d82033eeaca4,LMN8 Kiwi Apple,sk-0263,soft-drinks,,No,No,Yes,1,30,,Sparkling lemonade with kiwi and apple flavor.,,,,No,https://foodics-console-production.s3.eu-west-1.amazonaws.com/images/560494_1740302969_9e479607-6495-4687-ace6-1a2f1758584c.jpg,,,null,null,null
9dd160a6-b123-4d4e-942c-77af97d29fb6,LMN8 Pink,sk-0262,soft-drinks,,No,No,Yes,1,30,,Sparkling lemonade with mixed strawberry flavor.,,,,No,https://foodics-console-production.s3.eu-west-1.amazonaws.com/images/560494_1740302915_9e4795b4-cf37-495f-8250-4a7416326d4b.jpg,,,null,null,null
9dd15ef5-5599-4ea5-8ec8-135e512b5cab,LMN8 Lemon Original,sk-0261,soft-drinks,,No,No,Yes,1,30,,Classic sparkling lemonade with lemon flavor.,,,,No,https://foodics-console-production.s3.eu-west-1.amazonaws.com/images/560494_1740302899_9e47959c-49f4-4555-95c4-afa39d5d7083.jpg,,,null,null,null
9dcdd7a3-1361-4a12-9b4c-7fcc1608fc27,Rizz Berry,sk-0258,mocktails,tx-1,No,Yes,No,1,210,,"Raspberry, Sage, Lemon Juice, Sparkilng Water",,,,No,https://foodics-console-production.s3.eu-west-1.amazonaws.com/images/560494_1740301824_9e478f34-abee-4c82-a8eb-eefca6d1e757.jpg,,,null,null,null
9dcdd205-bf31-4545-8127-5bcde42cf51d,Pomegranate Bloom,sk-0257,mocktails,tx-1,No,Yes,No,1,165,,"Pomegranate, Lemon Juice, Elderflower, Cinnamon",,,,No,https://foodics-console-production.s3.eu-west-1.amazonaws.com/images/560494_1740301843_9e478f51-e0d8-4efe-b782-1551e4ab8c0a.jpg,,,null,null,null
9dcdcd0f-2ecd-42e0-bad8-6631831196f5,No Name Yet,sk-0256,mocktails,tx-1,No,Yes,No,1,165,,"Green Tea, Cinnamon, Cardamon, Mint, Ugo Lemon",,,,No,https://foodics-console-production.s3.eu-west-1.amazonaws.com/images/560494_1740301856_9e478f65-1505-4e08-a94d-888f99ebe16a.jpg,,,null,null,null
9dcd8d66-ac26-4794-8717-7867f733c1a0,Kippis Secret Stuff,sk-0255,mocktails,tx-1,No,No,No,1,180,,,,,,No,https://foodics-console-production.s3.eu-west-1.amazonaws.com/images/560494_1740301879_9e478f89-15e4-486a-85d0-3644219d2491.jpg,,,null,null,null
9dcd661b-5c5f-4292-a151-84d9f155e4b1,Iced Matcha Strawberry Medium,sk-0253,matcha,tx-1,No,No,No,1,120,,"Matcha green tea blended with milk and strawberry flavor, served over ice.",,,,No,https://foodics-console-production.s3.eu-west-1.amazonaws.com/images/560494_1754809098_9f99554c-9722-4f0f-a0ae-255facae6dbb.jpg,,,null,null,null
9dcd6495-7735-4001-b50d-62e7a327d435,Hot Chocolate Marshmallow,sk-0252,hot-chocolate,tx-1,No,Yes,No,1,170,,Hot chocolate topped with marshmallows,,,,No,https://foodics-console-production.s3.eu-west-1.amazonaws.com/images/560494_1746951478_9ee2623b-f986-4846-8c73-9a5cb294df45.jpg,,,null,null,null
9dcd3d3c-23ee-4c43-a388-7579651e5f36,Blue Latte Medium,sk-0251,hot-coffee,,No,No,No,1,80,,Latte with blue spirulina flavor,,,,No,https://foodics-console-production.s3.eu-west-1.amazonaws.com/images/560494_1746951197_9ee2608f-1436-42b9-ab22-f2e5f096f20b.jpg,,,null,null,null
9dcd367e-2df2-41d7-8ad0-433b10f4b54d,Pink Matcha Strawberry Medium,sk-0250,matcha,tx-1,No,No,No,1,120,,"Matcha with milk, blended with strawberry flavor,",,,,No,https://foodics-console-production.s3.eu-west-1.amazonaws.com/images/560494_1740314533_9e47daf4-a482-47e6-9a52-563064fb5463.jpg,,,null,null,null
9dcd32bf-6e93-470e-9402-91a064d00ef8,Pink latte Medium,sk-0249,hot-coffee,tx-1,No,No,No,1,100,,Latte with pink pitaya flavor.,,,,No,https://foodics-console-production.s3.eu-west-1.amazonaws.com/images/560494_1746950691_9ee25d8a-5c92-4820-9520-c1d5f82d8c14.jpg,,,null,null,null
9dcd2f5f-21b9-48e6-ab37-dc7ed3c23c36,Pink Matcha  Medium,sk-0248,matcha,tx-1,No,No,No,1,110,,– Matcha blended with pink pitaya flavor and milk.,,,,No,https://foodics-console-production.s3.eu-west-1.amazonaws.com/images/560494_1740136952_9e43b87d-fb01-4d85-b256-ec67c33b6308.jpg,,,null,null,null
9da2cbb8-c6e3-49e0-8d88-d4a33705905f,Twist Cola Edition,sk-0243,soft-drinks,tx-1,No,Yes,Yes,1,30,,Sparkling energy drink with classic cola flavor.,,,,No,https://foodics-console-production.s3.eu-west-1.amazonaws.com/images/560494_1740302050_9e47908d-4aa8-42ff-971d-852fcb579579.jpg,,,null,null,null
9d5c1a9c-d0e2-4f73-8765-8bbb6bcdd517,LYMY Arcade,sk-0224,mocktails,tx-1,No,Yes,No,1,140,,,,,,No,https://foodics-console-production.s3.eu-west-1.amazonaws.com/images/560494_1740301991_9e479033-3625-4f4a-9205-789bc41ae3ff.jpg,,,null,null,null
9d4c7bea-2b1c-4d01-a288-1260331b3d65,Iced Americano Latte,sk-0197,iced-coffee,tx-1,No,Yes,No,1,110,,Espresso with chilled milk over ice,,,,No,https://foodics-console-production.s3.eu-west-1.amazonaws.com/images/560494_1746952075_9ee265c9-eb97-465f-af18-1bbc3f40010f.jpg,,,null,null,null
9d4c62a8-6775-451f-899d-2440d9352f80,Salted Caramel Cream Frappe,sk-0196,non-coffee-frappe,tx-1,No,Yes,No,1,140,,"Blended coffee with milk, caramel, and a hint of sea salt, topped with cream.",,,,No,https://foodics-console-production.s3.eu-west-1.amazonaws.com/images/560494_1746951521_9ee2627d-a175-4dc8-a6ef-89e520638987.jpg,,,null,null,null
9d4c627f-522f-470e-a5ea-bca2dae17ecd,Vanilla Cream Frappe,sk-0195,non-coffee-frappe,tx-1,No,Yes,No,1,140,,"Blended coffee with milk and vanilla flavor, topped with cream.",,,,No,https://foodics-console-production.s3.eu-west-1.amazonaws.com/images/560494_1746951538_9ee26296-8ef6-48ac-b9b3-4db240d77bc4.jpg,,,null,null,null
9d4c6263-35cf-4d21-9822-e8a0814d7196,White Chocolate Cream Frappe,sk-0194,non-coffee-frappe,tx-1,No,Yes,No,1,140,,"Blended coffee with milk and white chocolate, topped with cream.",,,,No,https://foodics-console-production.s3.eu-west-1.amazonaws.com/images/560494_1746951552_9ee262ac-6add-41aa-9bda-2931d5320f54.jpg,,,null,null,null
9d4c6076-61b8-4bde-94e6-94d183771524,Iced White Mocha,sk-0192,iced-coffee,tx-1,No,Yes,No,1,150,,Iced latte with white chocolate sauce.,,,,No,https://foodics-console-production.s3.eu-west-1.amazonaws.com/images/560494_1746952129_9ee2661d-5bd1-4251-a31e-19b5044edc41.jpg,,,null,null,null
9d4c6017-dc36-43aa-8d58-503e052022d4,Iced Mocha,sk-0191,iced-coffee,tx-1,No,Yes,No,1,150,,Espresso with milk and chocolate syrup over ice.,,,,No,https://foodics-console-production.s3.eu-west-1.amazonaws.com/images/560494_1746952100_9ee265ef-c3b4-486e-88db-f8ee9dadcd17.jpg,,,null,null,null
9d4c5fc0-c623-445f-ba94-1602da4b207f,Iced Chocolate,sk-0190,iced-coffee,tx-1,No,Yes,No,1,130,,"Chocolate blended with milk, served iced",,,,No,https://foodics-console-production.s3.eu-west-1.amazonaws.com/images/560494_1746952151_9ee2663e-a306-4fa0-9b96-3ec4b6cfc786.jpg,,,null,null,null
9d4c5f6f-d0f2-4714-a874-eeaca6b0f069,Iced Americano,sk-0189,iced-coffee,tx-1,No,Yes,No,1,100,,Espresso with cold water over ice.,,,,No,https://foodics-console-production.s3.eu-west-1.amazonaws.com/images/560494_1746952170_9ee2665b-612c-4517-ab51-820b01be2759.jpg,,,null,null,null
9d4c5dbf-9bee-495f-a200-39b6ad869edb,Iced Caramel Macchiato,sk-0188,iced-coffee,tx-1,No,Yes,No,1,140,,"– Espresso with milk, ice, and caramel drizzle.",,,,No,https://foodics-console-production.s3.eu-west-1.amazonaws.com/images/560494_1746952206_9ee26691-a2d2-41c8-9821-8df3a49a84f2.jpg,,,null,null,null
9d2fe9fe-c464-4c9a-bf03-d0597601d757,French Coffee,sk-0161,hot-coffee,tx-1,No,Yes,No,1,80,,Richly brewed French-style coffee,,,,No,https://foodics-console-production.s3.eu-west-1.amazonaws.com/images/560494_1746950350_9ee25b81-77ff-4e36-8eb1-687b3c9f7a7b.jpg,,,null,null,null
9d2fe98a-4a74-4571-84cd-9197df83a65c,Extra Espresso Shot,sk-0160,extras,tx-1,No,Yes,No,1,50,,"A single serving of rich, concentrated coffee.",,,,No,https://foodics-console-production.s3.eu-west-1.amazonaws.com/images/560494_1740307246_9e47af86-645d-4a7c-8eb6-9aa0ef088d94.jpeg,,,null,null,null
9d2fe6e3-d19f-4eef-bb58-4bc5c1608475,Extra Full Cream Milk,sk-0159,extras,tx-1,No,Yes,No,1,20,,Extra Full Cream Milk,,,,No,https://foodics-console-production.s3.eu-west-1.amazonaws.com/images/560494_1746952585_9ee268d4-a297-4d8f-ba4b-2e2bf9378e1a.jpg,,,null,null,null
9d1165e3-3233-4034-8dd9-5d679fe19591,English Tea,sk-0117,tea,tx-1,No,Yes,No,1,50,,Classic black tea brewed to a rich and smooth flavor.,,,,No,https://foodics-console-production.s3.eu-west-1.amazonaws.com/images/560494_1746951756_9ee263e3-1ae9-43d1-88c5-fde55ca383e8.jpg,,,null,null,null
9d10aea1-6275-4205-9e29-5b9cb3569cda,Turkish Coffee Double,sk-0116,hot-coffee,tx-1,No,Yes,No,1,70,,Traditional strong Turkish coffee.,,,,No,https://foodics-console-production.s3.eu-west-1.amazonaws.com/images/560494_1746950334_9ee25b6a-43e0-4cec-a527-8491adf5a2b4.jpg,,,null,null,null
9d10ae60-35ae-4a26-b6f3-9bd027899c73,Turkish coffee single,sk-0115,hot-coffee,tx-1,No,Yes,No,1,60,,"Traditional strong and finely ground coffee, served unfiltered.",,,,No,https://foodics-console-production.s3.eu-west-1.amazonaws.com/images/560494_1746950319_9ee25b53-545a-476f-af34-5cb2dd30d528.jpg,,,null,null,null
9d10ae18-ead7-42cd-b66a-96d42ffd042c,Orange Juice,sk-0114,mocktails,tx-1,No,No,No,1,70,,,,,,No,https://foodics-console-production.s3.eu-west-1.amazonaws.com/images/560494_1740307627_9e47b1cb-d388-473d-8dcc-4d62511ba1ff.JPG,,,null,null,null
9d0bd6a8-ba84-409a-81ef-a1a5eef85932,Extra Vanilla Sauce,sk-0113,extras,tx-1,No,Yes,No,1,20,,Extra Vanilla Sauce,,,,No,https://foodics-console-production.s3.eu-west-1.amazonaws.com/images/560494_1746952618_9ee26906-893e-4e7b-9191-207c1495a125.jpg,,,null,null,null
9d0bd68d-e263-4c34-8ab6-e9e361d78d10,Extra Salted Caramel Sauce,sk-0112,extras,tx-1,No,Yes,No,1,20,,Extra Salted Caramel Sauce,,,,No,https://foodics-console-production.s3.eu-west-1.amazonaws.com/images/560494_1746952631_9ee2691a-d823-4b86-9760-5ed5bd4aea73.jpg,,,null,null,null
9d0bd672-4243-49a7-99a1-a94deef498e5,Extra Hazelnut Sauce,sk-0111,extras,tx-1,No,Yes,No,1,20,,Extra Hazelnut Sauce,,,,No,https://foodics-console-production.s3.eu-west-1.amazonaws.com/images/560494_1746952645_9ee26930-bb00-48e1-8802-0b1aaf297191.jpg,,,null,null,null
9d0bd623-332e-4741-b5af-cd223aed1950,Extra Caramel Sauce,sk-0110,extras,tx-1,No,Yes,No,1,20,,Extra Caramel Sauce,,,,No,https://foodics-console-production.s3.eu-west-1.amazonaws.com/images/560494_1746952659_9ee26945-0f87-4072-9a2f-136da9873871.jpg,,,null,null,null
9d0bcd6c-769c-440e-986c-181a07d4362f,Extra Coconut Milk,sk-0108,extras,tx-1,No,No,No,1,50,,Extra Coconut Milk,,,,No,https://foodics-console-production.s3.eu-west-1.amazonaws.com/images/560494_1746952675_9ee2695e-24a6-4a6b-81b7-74edd4cd6e87.jpg,,,null,null,null
9d0bcd27-5f06-4d32-b182-15ccd6fee17a,Extra Oat Milk,sk-0107,extras,tx-1,No,No,No,1,50,,Extra Oat Milk,,,,No,https://foodics-console-production.s3.eu-west-1.amazonaws.com/images/560494_1746952687_9ee2696f-f4b9-4694-ac04-fae74502504c.jpg,,,null,null,null
9d0bccf8-63e4-4af4-8261-737a6622df3f,Extra Almond Milk,sk-0106,extras,tx-1,No,No,No,1,50,,Extra Almond Milk,,,,No,https://foodics-console-production.s3.eu-west-1.amazonaws.com/images/560494_1746952700_9ee26983-819d-454c-9b72-ca55f2d0df73.jpg,,,null,null,null
9d0bc2f1-578e-4d52-b884-55206bde9c27,Iced Latte,sk-0105,iced-coffee,tx-1,No,Yes,No,1,130,,Espresso with cold milk over ice.,,,,No,https://foodics-console-production.s3.eu-west-1.amazonaws.com/images/560494_1746952230_9ee266b6-e3bf-45cd-8979-cd855ef4457e.jpg,,,null,null,null
9d0bbfd4-6e4e-4251-ab2e-3957ba9c1ce3,Iced Spanish Latte,sk-0104,iced-coffee,tx-1,No,Yes,No,1,150,,– Espresso with condensed milk and chilled milk over ice.,,,,No,https://foodics-console-production.s3.eu-west-1.amazonaws.com/images/560494_1746952248_9ee266d1-7ff1-4111-8821-a951c8e8638a.jpg,,,null,null,null
9d0a09bf-df8f-4e2b-a427-4bebc7e5e985,Sparkling Water,sk-0103,soft-drinks,tx-1,No,Yes,Yes,1,40,,sparkling water,,,,No,https://foodics-console-production.s3.eu-west-1.amazonaws.com/images/560494_1740302063_9e4790a1-e73b-4d59-9462-e095ae5299ea.jpg,,,null,null,null
9d076dd3-f5b4-47fc-a336-04140b7ec75c,Hype,sk-0096,soft-drinks,tx-1,No,No,Yes,1,30,,Classic Energy Drink,,,,No,https://foodics-console-production.s3.eu-west-1.amazonaws.com/images/560494_1740302076_9e4790b5-bc7d-407d-9e8c-ecd9506d33db.jpg,,,null,null,null
9d076d0a-0d02-419e-bdcb-f9b0decb042a,Twist Sugar Free,sk-0095,soft-drinks,tx-1,No,Yes,Yes,1,30,,Energy Drink zero sugar,,,,No,https://foodics-console-production.s3.eu-west-1.amazonaws.com/images/560494_1740302089_9e4790c8-fc20-4172-869e-02463e802653.jpg,,,null,null,null
9d076c91-0f49-4dcd-a42c-2c141856f344,Small Water,sk-0094,soft-drinks,tx-1,No,Yes,Yes,1,25,,water,,,,No,https://foodics-console-production.s3.eu-west-1.amazonaws.com/images/560494_1740302100_9e4790da-341c-424a-aeb1-1d718b97097d.jpg,,,null,null,null
9d069848-ecce-4d14-9e0f-12600b9e9503,Iced Spanish Matcha Latte,sk-0089,matcha,tx-1,No,Yes,No,1,170,,Iced matcha latte with condensed milk,,,,No,https://foodics-console-production.s3.eu-west-1.amazonaws.com/images/560494_1746952422_9ee267dc-445f-4678-b283-f529bb54f60b.jpg,,,null,null,null
9d069778-8cde-4d20-9426-10250296daed,Iced Coconut Matcha,sk-0088,matcha,tx-1,No,Yes,No,1,170,,"Matcha latte with coconut milk, served iced.",,,,No,https://foodics-console-production.s3.eu-west-1.amazonaws.com/images/560494_1746952433_9ee267ec-b4a6-4409-bfb3-00b21207c37a.jpg,,,null,null,null
9d06971a-fa90-4433-9c56-d636e5aedfb3,Iced Matcha Latte,sk-0087,matcha,tx-1,No,Yes,No,1,150,,Chilled matcha green tea with milk.,,,,No,https://foodics-console-production.s3.eu-west-1.amazonaws.com/images/560494_1746952444_9ee267fc-b999-44fc-9c60-27ee509a07b4.jpg,,,null,null,null
9d06960a-b029-4142-9055-a45eb2f23dfb,Chocolate Frappe,sk-0086,non-coffee-frappe,tx-1,No,Yes,No,1,140,,"Blended coffee with milk and chocolate, topped with cream.",,,,No,https://foodics-console-production.s3.eu-west-1.amazonaws.com/images/560494_1746951576_9ee262d0-3a70-4395-8dde-1cfb7cd3e16c.jpg,,,null,null,null
9d0695ab-8f52-4308-8c2d-25552cd9c341,Caramel Frappe,sk-0085,non-coffee-frappe,tx-1,No,Yes,No,1,140,,"Blended coffee with milk and caramel, topped with cream.",,,,No,https://foodics-console-production.s3.eu-west-1.amazonaws.com/images/560494_1746951591_9ee262e8-4da9-48dc-83b0-d89c211dd07f.jpg,,,null,null,null
9d0693f3-6e26-4786-861f-57e48059f575,Mocha Caramel Frappe,sk-0083,iced-coffee,tx-1,No,Yes,No,1,160,,"Blended coffee with chocolate, caramel, and milk.",,,,No,https://foodics-console-production.s3.eu-west-1.amazonaws.com/images/560494_1746952265_9ee266eb-a3d7-4189-a932-ff025809a041.jpg,,,null,null,null
9d069394-0877-4dd9-8900-c4573c4a55ae,White Mocha Frappe,sk-0082,iced-coffee,tx-1,No,Yes,No,1,150,,Blended coffee with white chocolate and milk.,,,,No,https://foodics-console-production.s3.eu-west-1.amazonaws.com/images/560494_1746951697_9ee26389-d51b-4f00-b19f-aa0217b4ccfc.jpg,,,null,null,null
9d06932b-90f3-4d5f-a009-a26aa1b59c0d,Mocha Frappe,sk-0081,iced-coffee,tx-1,No,Yes,No,1,150,,Blended coffee with chocolate and milk.,,,,No,https://foodics-console-production.s3.eu-west-1.amazonaws.com/images/560494_1746951736_9ee263c5-520b-44ca-8200-60905ebc8b16.jpg,,,null,null,null
9d069113-60e5-451f-a2aa-a8cbf6cfc913,Coffee Frappe,sk-0079,iced-coffee,tx-1,No,Yes,No,1,120,,Blended iced coffee with milk.,,,,No,https://foodics-console-production.s3.eu-west-1.amazonaws.com/images/560494_1746952388_9ee267a8-5f15-4e66-a755-a271dde8328e.jpg,,,null,null,null
9d068eb4-061f-4471-8814-d619fe63f3f7,Lemon Ginger Tea,sk-0078,tea,tx-1,No,Yes,No,1,50,,"Herbal infusion of lemon and ginger, served hot.",,,,No,https://foodics-console-production.s3.eu-west-1.amazonaws.com/images/560494_1746952013_9ee2656c-620b-4cd2-a2b2-fc050a5023e4.jpg,,,null,null,null
9d068dbc-008e-4c0e-b4ef-d20b18fcb48f,Hot Chocolate,sk-0077,hot-chocolate,tx-1,No,Yes,No,1,160,,Classic hot chocolate with steamed milk.,,,,No,https://foodics-console-production.s3.eu-west-1.amazonaws.com/images/560494_1746950423_9ee25bf0-ca8e-418c-9073-95d98fd1927c.jpg,,,null,null,null
9d068cb9-05bb-4e75-b6df-88b7949fcce8,Jasmine Tea,sk-0076,tea,tx-1,No,Yes,No,1,50,,Fragrant green tea infused with jasmine blossoms.,,,,No,https://foodics-console-production.s3.eu-west-1.amazonaws.com/images/560494_1746951814_9ee2643b-8510-4ca8-b3f1-723c93d99c16.jpg,,,null,null,null
9d068c5e-5014-49d6-a845-aa4da50a3c93,Green Tea,sk-0075,tea,tx-1,No,Yes,No,1,50,,Light and refreshing traditional green tea.,,,,No,https://foodics-console-production.s3.eu-west-1.amazonaws.com/images/560494_1746951836_9ee2645d-0ef3-491e-a136-204710e7393f.jpg,,,null,null,null
9d068aa7-bc29-46ee-9ce5-cba3d6045e90,Mint Green Tea,sk-0074,tea,tx-1,No,Yes,No,1,50,,Green tea blended with fresh mint.,,,,No,https://foodics-console-production.s3.eu-west-1.amazonaws.com/images/560494_1746951849_9ee26472-0a7f-48e1-8f64-be31f658cd54.jpg,,,null,null,null
9d0684db-c008-4de5-a701-8dffc0b3100b,Caramel Macchiato Large,sk-0073,hot-coffee,tx-1,No,Yes,No,1,160,,Espresso with milk and caramel drizzle,,,,No,https://foodics-console-production.s3.eu-west-1.amazonaws.com/images/560494_1746950838_9ee25e6b-68c7-4b69-9140-edca7830ac4f.jpg,,,null,null,null
9d06838a-ecb3-4b15-8c3b-fb9eb1103c48,Spanish Latte,sk-0071,hot-coffee,tx-1,No,Yes,No,1,150,,Espresso with condensed milk and steamed milk.,,,,No,https://foodics-console-production.s3.eu-west-1.amazonaws.com/images/560494_1746950217_9ee25ab7-4526-483f-8ac1-de7696f59c60.jpg,,,null,null,null
9d06806e-b920-4c56-9fce-33e53333d04c,White Mocha Large,sk-0068,hot-coffee,tx-1,No,Yes,No,1,150,,Espresso with steamed milk and white chocolate.,,,,No,https://foodics-console-production.s3.eu-west-1.amazonaws.com/images/560494_1746950612_9ee25d12-6866-4e9e-b41a-28c69c8eb13a.jpg,,,null,null,null
9d068044-d148-49be-9dc2-34a82f4f384d,White Mocha Medium,sk-0067,hot-coffee,tx-1,No,No,No,1,100,,Espresso with steamed milk and white chocolate.,,,,No,https://foodics-console-production.s3.eu-west-1.amazonaws.com/images/560494_1746950633_9ee25d31-2bdb-4465-9868-385ef774f9a3.jpg,,,null,null,null
9d067e8e-bb62-4a6e-a6aa-9a122ec04286,Mocha Large,sk-0066,hot-coffee,tx-1,No,Yes,No,1,150,,Espresso with steamed milk and chocolate.,,,,No,https://foodics-console-production.s3.eu-west-1.amazonaws.com/images/560494_1746950536_9ee25c9e-4720-4741-b685-61411b74cca4.jpg,,,null,null,null
9d067e61-a549-4e10-b7b2-697a2a559849,Mocha Medium,sk-0065,hot-coffee,tx-1,No,No,No,1,80,,Espresso with steamed milk and chocolate.,,,,No,https://foodics-console-production.s3.eu-west-1.amazonaws.com/images/560494_1740138104_9e43bf5b-2a3f-43f8-bad0-2c1422f57ca9.jpg,,,null,null,null
9d067d4b-044d-447d-b981-24d744b9c717,Cappuccino Large,sk-0064,hot-coffee,tx-1,No,Yes,No,1,130,,Espresso with steamed milk and foam.,,,,No,https://foodics-console-production.s3.eu-west-1.amazonaws.com/images/560494_1746950135_9ee25a3a-b870-4fae-97a3-7840dd514b37.jpg,,,null,null,null
9d067d2a-11fb-4e26-bcca-c737b72ee602,Cappuccino Medium,sk-0063,hot-coffee,tx-1,No,No,No,1,95,,Espresso with steamed milk and foam.,,,,No,https://foodics-console-production.s3.eu-west-1.amazonaws.com/images/560494_1746950173_9ee25a73-d75c-42fe-b34b-9d76e6af1081.jpg,,,null,null,null
9d067c41-8751-4057-b617-338d66b06c69,Americano Latte Large,sk-0062,hot-coffee,tx-1,No,No,No,1,110,,– Espresso with hot water and milk.,,,,No,https://foodics-console-production.s3.eu-west-1.amazonaws.com/images/560494_1746950654_9ee25d52-6bf5-43ad-8c2b-9b932000167d.jpg,,,null,null,null
9d067c20-1e45-4e54-8995-1e9d22c628be,Americano Latte Medium,sk-0061,hot-coffee,tx-1,No,No,No,1,75,,– Espresso with hot water and milk.,,,,No,https://foodics-console-production.s3.eu-west-1.amazonaws.com/images/560494_1746950672_9ee25d6d-ba91-472c-8b81-8228b4dabea4.jpg,,,null,null,null
9d067b9c-b5ed-4dd4-91b8-e6e7f133f82a,Americano Large,sk-0060,hot-coffee,tx-1,No,Yes,No,1,100,,– Espresso with hot water.,,,,No,https://foodics-console-production.s3.eu-west-1.amazonaws.com/images/560494_1746950267_9ee25b03-4748-4f9e-8b57-77a939615e51.jpg,,,null,null,null
9d067ad4-d1fc-45ff-b0d0-2c995beee59e,Americano Medium,sk-0059,hot-coffee,tx-1,No,No,No,1,60,,– Espresso with hot water.,,,,No,https://foodics-console-production.s3.eu-west-1.amazonaws.com/images/560494_1746950296_9ee25b2f-2766-4092-a190-4a84a4d01c4b.jpg,,,null,null,null
9d067a22-027b-4f91-a521-2078cb995498,Matcha Latte Medium,sk-0058,matcha,tx-1,No,No,No,1,95,,– Steamed milk with smooth matcha .,,,,No,https://foodics-console-production.s3.eu-west-1.amazonaws.com/images/560494_1746952502_9ee26855-80c0-4aaf-890d-2c108a544e1b.jpg,,,null,null,null
9d06794e-977f-4971-bdd0-1407696ac127,Cafe latte Large,sk-0057,hot-coffee,tx-1,No,Yes,No,1,130,,Espresso with steamed milk and light foam.,,,,No,https://foodics-console-production.s3.eu-west-1.amazonaws.com/images/560494_1746950723_9ee25dba-d603-46d4-8a5c-a7766d279ebe.jpg,,,null,null,null
9d067884-9a6d-44ca-b92f-bc677f454114,Cafe latte Medium,sk-0056,hot-coffee,tx-1,No,No,No,1,90,,Espresso with steamed milk and light foam.,,,,No,https://foodics-console-production.s3.eu-west-1.amazonaws.com/images/560494_1746950744_9ee25dda-e279-4fdc-81d2-c49a20029572.jpg,,,null,null,null
9d06773c-3906-4be0-8d14-b35a434bb14a,Matcha Spanish Latte,sk-0055,matcha,tx-1,No,Yes,No,1,150,,Matcha latte with condensed milk.,,,,No,https://foodics-console-production.s3.eu-west-1.amazonaws.com/images/560494_1746952463_9ee2681a-dc6c-4a91-9804-f2c645ca2351.jpg,,,null,null,null
9d067469-28b8-4820-89be-03e23c716abe,Cortado,sk-0054,hot-coffee,tx-1,No,Yes,No,1,85,,– Equal parts espresso and warm milk.,,,,No,https://foodics-console-production.s3.eu-west-1.amazonaws.com/images/560494_1746950774_9ee25e09-315d-4abd-b92e-091351cf64fa.jpg,,,null,null,null
9d0673ba-a0bf-4fd0-b1b8-e858617769f5,Espresso Macchiato Double,sk-0053,hot-coffee,tx-1,No,Yes,No,1,70,,Espresso topped with milk foam.,,,,No,https://foodics-console-production.s3.eu-west-1.amazonaws.com/images/560494_1746950809_9ee25e3d-edb5-48ff-a00e-479fd3dd471d.jpg,,,null,null,null
9d067315-2819-4d72-aa29-e1a326170fae,Espresso Macchiato,sk-0052,hot-coffee,tx-1,No,Yes,No,1,60,,Espresso topped with milk foam.,,,,No,https://foodics-console-production.s3.eu-west-1.amazonaws.com/images/560494_1746950825_9ee25e57-2430-4bb4-ab72-3b8e757791b5.jpg,,,null,null,null
9cfe2c8e-3388-41bc-a86f-910528443de3,Espresso,psk-2,hot-coffee,tx-1,No,Yes,No,1,60,,"Strong, concentrated coffee shot",,,,No,https://foodics-console-production.s3.eu-west-1.amazonaws.com/images/560494_1746950083_9ee259ea-faf7-43e9-885a-a5625e23fce7.jpg,,,null,null,null
9cfe2c8e-3c24-45ce-bfca-a081f78370c9,Espresso Double,psk-3,hot-coffee,tx-1,No,Yes,No,1,70,,"Strong, concentrated coffee shot",,,,No,https://foodics-console-production.s3.eu-west-1.amazonaws.com/images/560494_1746950105_9ee25a0c-7d6e-42e1-8be4-a740feb3b89a.jpg,,,null,null,null
9cfe2c8e-7e47-4af5-87a2-318941ce58d8,Flat White,psk-10,hot-coffee,tx-1,No,Yes,No,1,100,,Espresso with steamed milk and light microfoam,,,,No,https://foodics-console-production.s3.eu-west-1.amazonaws.com/images/560494_1746950245_9ee25ae1-aa24-4fbe-a915-2eab00a16873.jpg,,,null,null,null
9cfe2c8e-ae2a-4025-8253-c2ba74f25d60,Matcha Latte Large,psk-15,matcha,tx-1,No,Yes,No,1,150,,Steamed milk with smooth matcha,,,,No,https://foodics-console-production.s3.eu-west-1.amazonaws.com/images/560494_1746952479_9ee26832-b3e8-4738-adf6-8e666560dc78.jpg,,,null,null,null
9cfe2c8f-51b7-4ea8-9808-c1979d7b4c27,Strawberry Cheese Cake Protein Bar,psk-27,proteinbars,tx-1,No,Yes,Yes,1,50,,Protein Bar with Strawberry Cheesecake Flavor.,,,,No,https://foodics-console-production.s3.eu-west-1.amazonaws.com/images/560494_1740303960_9e479bef-42a1-4ef3-907c-f84bb92367c9.jpg,,,null,null,null
9cfe2c8f-6046-4806-bf10-b3d3d156e7e0,Coffee Protein Bar,psk-28,proteinbars,tx-1,No,Yes,Yes,1,50,,Protein Bar With Rich Coffee Flavor.,,,,No,https://foodics-console-production.s3.eu-west-1.amazonaws.com/images/560494_1740303973_9e479c04-56b9-4518-9e74-2d5ad34c2e41.jpg,,,null,null,null
9cfe2c8f-6c55-4cd9-9d1c-dc29884b6e41,Pina Colada Protein Bar,psk-29,proteinbars,tx-1,No,Yes,Yes,1,50,,Protein Bar With Pineapple And Coconut Flavor.,,,,No,https://foodics-console-production.s3.eu-west-1.amazonaws.com/images/560494_1740303982_9e479c11-47f4-40e4-b884-a9ab22a02c99.jpg,,,null,null,null
9cfe2c8f-78dc-4db9-be43-9d45944aa6c7,Carrot Cinnamon Can Cake,psk-30,cancake,tx-1,No,Yes,Yes,1,170,,"Moist carrot cake with cinnamon, layered in a can",,,,No,https://foodics-console-production.s3.eu-west-1.amazonaws.com/images/560494_1740303107_9e4796da-8b11-4853-a2d0-3abe8498fd87.jpg,,,null,null,null
9cfe2c8f-877d-4db0-b1e6-6fe763b4f422,Birthday Cake Can Cake,psk-31,cancake,tx-1,No,Yes,Yes,1,170,,"Vanilla cake layered with sprinkles and cream, served in a can.",,,,No,https://foodics-console-production.s3.eu-west-1.amazonaws.com/images/560494_1740303140_9e47970d-2049-4450-8abd-fd27294474b8.jpg,,,null,null,null
9cfe2c8f-92f7-4882-ba35-2d69a838509a,Zesty Crumble Can Cake,psk-32,cancake,tx-1,No,Yes,Yes,1,170,,"Soft cake with citrus flavor and crumble topping, served in a can.",,,,No,https://foodics-console-production.s3.eu-west-1.amazonaws.com/images/560494_1740303190_9e479758-4294-46bc-87fe-cf8dc3a70cd9.jpg,,,null,null,null
9cfe2c8f-a167-440f-8a3d-4e267235f625,Choco Fudge Can Cake,psk-33,cancake,tx-1,No,Yes,Yes,1,170,,"Rich chocolate cake layered with fudge, served in a can.",,,,No,https://foodics-console-production.s3.eu-west-1.amazonaws.com/images/560494_1740303218_9e479784-3fe5-465b-84bf-5af8209e3809.jpg,,,null,null,null
9cfe2c8f-afe5-47cb-88f1-654047137054,Salty Caramel Fudge Can Cake,psk-34,cancake,tx-1,No,Yes,Yes,1,170,,"chocolate cake layered with caramel fudge and a hint of sea salt, served in a can.",,,,No,https://foodics-console-production.s3.eu-west-1.amazonaws.com/images/560494_1740303246_9e4797ae-bf25-4946-9ed3-cf27e9f1d6f0.jpg,,,null,null,null
9cfe2c8f-c1e0-44f6-9057-7b7942231cd3,Choco Loco Berry Can Cake,psk-35,cancake,tx-1,No,Yes,Yes,1,170,,"Chocolate cake layered with mixed berries and cream, served in a can.",,,,No,https://foodics-console-production.s3.eu-west-1.amazonaws.com/images/560494_1740303265_9e4797ca-ef56-4ada-a4bf-d0eecc8bc49a.jpg,,,null,null,null
9cfe2c8f-ceca-432c-9d90-b0c143dcd86e,Twist,psk-36,soft-drinks,tx-1,No,Yes,Yes,1,30,,Energy Drink Twist,,,,No,https://foodics-console-production.s3.eu-west-1.amazonaws.com/images/560494_1740302113_9e4790ee-27de-4968-9b37-72af5fa1f5dc.jpg,,,null,null,null
9cfe2c8f-dd4e-43b2-9fa8-51d8c73faa93,Twist Blueberry,psk-37,soft-drinks,,No,Yes,Yes,1,30,,Energy Drink With Blueberry Flavor,,,,No,https://foodics-console-production.s3.eu-west-1.amazonaws.com/images/560494_1740302127_9e479102-4fd8-4f9f-a0e8-32aafde78a96.jpg,,,null,null,null
9cfe2c8f-eb3e-41cb-8974-2248ceb3bc2c,Twist Tropical,psk-38,soft-drinks,tx-1,No,Yes,Yes,1,30,,Energy Drink With Tropical Flavor,,,,No,https://foodics-console-production.s3.eu-west-1.amazonaws.com/images/560494_1740302142_9e479119-a396-4dcd-b656-389f1afcaa3d.jpg,,,null,null,null
9cfe2c8f-f788-40d4-902b-7751f71be8cc,UGO Cola,psk-39,soft-drinks,,No,Yes,Yes,1,30,,Classic Ugo Cola,,,,No,https://foodics-console-production.s3.eu-west-1.amazonaws.com/images/560494_1740302155_9e47912e-11f7-46bd-b725-43a81b861583.jpg,,,null,null,null
9cfe2c90-05f1-417a-850e-13ad5612e69c,UGO Lemon,psk-40,soft-drinks,tx-1,No,Yes,Yes,1,30,,Cola With Lemon Flavor,,,,No,https://foodics-console-production.s3.eu-west-1.amazonaws.com/images/560494_1740302168_9e479141-8776-465e-a57a-50e707d0db62.jpg,,,null,null,null
9cfe2c90-1358-4832-a9f0-8735f44b7bf6,Scoosh Bahama Mama,psk-41,soft-drinks,,No,Yes,Yes,1,30,,Sparkling drink with pineapple and coconut flavor.,,,,No,https://foodics-console-production.s3.eu-west-1.amazonaws.com/images/560494_1740302183_9e479158-08af-408c-a2ff-d1cdc4bb6934.jpg,,,null,null,null
9cfe2c90-2005-4d5a-8eb2-822c64423509,Scoosh Birthday Cake,psk-42,soft-drinks,,No,Yes,Yes,1,30,,Sparkling drink with birthday cake flavor,,,,No,https://foodics-console-production.s3.eu-west-1.amazonaws.com/images/560494_1740302212_9e479184-a062-4f36-ac82-ce3d4fd377c5.jpg,,,null,null,null
9cfe2c90-534d-4719-bfe3-5b0f7b0777a2,Bussin,psk-46,mocktails,tx-1,No,Yes,No,1,165,,"Passion Fruit, Orgeat, Green Tea, Lemon, Ugo Lemon",,,,No,https://foodics-console-production.s3.eu-west-1.amazonaws.com/images/560494_1740301904_9e478fae-27c3-4737-9313-55c2470390df.jpg,,,null,null,null
9cfe2c90-5cb7-4807-a2ec-5ff7e01b75a2,Demure,psk-47,mocktails,tx-1,No,Yes,No,1,165,,"Hibiscus, Peach, Lemon, Cinnamon, Twist Tropical Energy Drink",,,,No,https://foodics-console-production.s3.eu-west-1.amazonaws.com/images/560494_1740301915_9e478fbf-357a-4a68-a4b1-7ee32192b4af.jpg,,,null,null,null
9cfe2c90-65cf-40a0-a8b0-273f3388efe8,Swamp,psk-48,mocktails,tx-1,No,No,No,1,165,,,,,,No,https://foodics-console-production.s3.eu-west-1.amazonaws.com/images/560494_1740389553_9e499a1c-af31-42d2-a957-fdeeec03e2be.jpg,,,null,null,null
9cfe2c90-6ff3-4ab8-ae3e-71fb1e29ef77,Brat,psk-49,mocktails,tx-1,No,Yes,No,1,165,,"Green Apple, Basil, Jasmine Tea, Lemon",,,,No,https://foodics-console-production.s3.eu-west-1.amazonaws.com/images/560494_1740301929_9e478fd4-bffe-430e-91b0-75bb0c867f72.jpg,,,null,null,null
9cfe2c90-7b24-44dd-85cf-40edd82f5c8b,Retro grade,psk-50,mocktails,tx-1,No,Yes,No,1,175,,"Coconut Milk, Blue Curacao, Lemon, Bahama Mama Scoosh",,,,No,https://foodics-console-production.s3.eu-west-1.amazonaws.com/images/560494_1740301943_9e478fea-a03c-4568-b52f-2229af966fef.jpg,,,null,null,null
9cfe2c90-83d1-4cfb-9e37-8b968761a211,LYMY,psk-51,mocktails,tx-1,No,No,No,1,165,,,,,,No,https://foodics-console-production.s3.eu-west-1.amazonaws.com/images/560494_1740389386_9e49991d-8659-485d-b1c7-cb297065bef3.jpg,,,null,null,null
9cfe2c90-8da8-4cdc-9967-930a8e69b726,Wednesday,psk-52,mocktails,tx-1,No,Yes,No,1,165,,"Pink Pitaya, Lemon, Elderflower",,,,No,https://foodics-console-production.s3.eu-west-1.amazonaws.com/images/560494_1740301965_9e47900b-82f7-4d00-ab6a-8cb2bf72d7e5.jpg,,,null,null,null